first_name,last_name
Skippy,Wivell
Lonnard,Stanes
Una,Bellenie
Lawry,Lansley
Cara,Aries
Viviyan,Vesty
Blair,Dougliss
Shandra,Kleinlerer
Lucilia,todor
Korey,Gilardi
Karyn,Jorger
Nancy,Quinell
Kettie,Kubu
Joane,Ordidge
Inglebert,Fensome
Stephani,Humfrey
Ebony,Foat
Dominique,Kunzelmann
Codee,Tother
Zaneta,Lory
Brand,Torrie
Lia,Collet
Northrop,Pelling
Ely,Pancost
Billie,McCuthais
Konstanze,Smalles
Joice,Gathercoal
Kirbie,Kingswoode
Bessie,Hinrichsen
Deborah,Leebeter
Kathryne,Cream
Darnall,Ollie
Aleksandr,Gillinghams
Pollyanna,Joanic
Aleda,Ganiclef
Atalanta,Kintish
Devonna,Salsberg
Morse,Gurner
Alon,Bilsford
Evanne,Mold
Orly,Maddyson
Jasun,Cudbird
Lorie,Joiner
Nissy,Biaggioli
Charlotte,Dubery
Staffard,Altree
Winna,Whitemarsh
Bess,Scintsbury
Alene,Moscon
Sheilakathryn,Gepp
Jamil,Glavin
Dalli,Perrott
Phyllida,Luke
Staford,Towlson
Bondy,Allwell
Noland,Corbyn
Margaux,Meiningen
Adelheid,Guidone
Gladi,Ivanaev
Petra,Sate
Cliff,Clementi
Lizzy,Painter
Adolpho,Ibell
Walsh,Docker
Garv,Tissier
Fredelia,Harvie
Georgia,Ginger
Kissee,Matteoli
Maridel,Dyet
Sinclare,Deniso
Georgi,Salaman
Wynn,Caile
Elvis,Lindborg
Emmy,Huckerby
Celesta,Shieber
Maxim,Swapp
Becka,Duns
Gabriele,Darridon
Oswald,Sysland
Claudio,Hof
Wit,Blazy
Stavros,Medcraft
Hussein,Dabinett
Ingar,Abel
Haslett,Phil
Sallyann,Suttill
Walker,Shewery
Billye,Castanie
Ilise,McSpirron
Hyatt,Nasey
Maritsa,Glenton
Chrysa,Revett
Allyn,Tregunnah
Wilow,Skipsey
Saxon,Terbrugge
Octavius,Mewton
Caprice,Flather
Margarette,Maynell
Francoise,Gietz
Stevy,Coping
Wilhelmina,Rangall
Patin,Tolossi
Merle,Clementi
Marjory,Lally
Brice,Ping
Cindi,Blincowe
Andreas,Nickoll
Culley,Fortye
Annalise,Bonnor
Erv,Leglise
Ninette,Burkert
Bail,Bennet
Kelsy,MacMorland
Reba,Dunrige
Trish,Haley
Grata,Laxson
Ashby,Voules
Cammy,Prydie
Corly,Causier
Delaney,Hoyte
Zorine,Huxley
Gustavus,Roo
Jan,Loveridge
Myrlene,Bodycote
Lyndsey,Yateman
Quintilla,Goodspeed
Georgine,Bolitho
Lesli,Precious
Sammy,Prium
Errol,Resun
Berti,Parcall
Buffy,Lepere
Bartram,Bream
Fae,Fifoot
Constantino,Larkby
Domenic,Deetlof
Irvine,Lowis
Gerick,Jewis
Franny,Hariot
Nanni,Purselowe
Amery,McGillecole
Jennilee,Woodvine
Tremaine,Lilian
Hastie,Raiman
Rodolphe,Picheford
Adrianna,Grigorey
Ingaborg,Blackett
Niles,Holberry
Paulie,Kimbrey
Netty,Shreeve
Ariela,Sellan
Candi,Tregenza
Jae,Paolinelli
Mile,Bunston
Dwain,Kaman
Trevar,Semmens
Mason,Renahan
Travus,Hirth
Fawne,Ladyman
Jaquenetta,Shakespeare
Alard,Harower
Sibylle,Hampshire
Gustavus,Jeannot
Arden,Baudone
Mayne,Fost
Robinett,Guilleton
Jaimie,Dunican
Hew,Dillinton
Hurley,Rentoll
Keene,Kaye
Leesa,Povey
Edin,Doole
Marne,Kintish
Othello,Chuter
Quincey,Revie
Betsey,VanBrugh
Alva,Ohanessian
Denise,Powis
Caresa,Brittoner
Dud,Sinclar
Seka,Chadwen
Jeanine,Celez
Taylor,Scroggins
Xena,Witch
Griswold,McGuffie
Zsazsa,Guerrieri
Raina,Tarplee
Antonino,Canellas
Randall,Livard
Farlee,Holburn
Chastity,Consterdine
Carl,Anan
Cora,McEvon
Gibby,Goshawk
Stanly,Chidlow
Thadeus,Seller
Sim,Robertet
Orin,Locker
Amerigo,Dyhouse
Marje,Duro
Helenelizabeth,D'Antuoni
Conway,Densun
Beatrix,Winridge
Colleen,Lober
Doralynn,Hargie
Remy,Jepp
Kass,Walling
Elvina,Bachnic
Reg,Sulman
Newton,Brundrett
Ignacius,Margrem
Orville,Mossom
Andee,Cockrill
Barry,Chatin
Doy,Deex
Gabbie,Wincom
Georgy,Jonin
Guido,Cianelli
Ferguson,Gummory
Marsha,Goulbourn
Odella,Tinsey
Lidia,Godden
Charmian,Ridewood
Neille,Hansberry
Druci,Garry
Chevy,Gerkens
Fraze,Flement
Madel,Jacobsohn
Neda,Hartnup
Eldridge,Gaddie
Lucie,Demchen
Dian,Lamperti
Susanetta,Cuff
Hermie,Caroline
Cindie,Spurr
Vladimir,Skacel
Philly,Guerro
Geordie,Juan
Hubie,Bahlmann
Elisha,Cobb
Sholom,Sleith
Danya,Starling
Adan,Reddish
Reinaldos,Woodyer
Woody,Nickell
Kariotta,Zoppie
Phillie,Venditto
Teressa,Lomasny
Koral,Andino
Staffard,Goodhall
Lara,Lavalde
Pen,Peirson
Chandler,Buckland
Eberhard,Trass
Barri,Vernazza
Berky,Bradnick
Gibb,Boumphrey
Pandora,Tattersfield
Ogden,Ferrulli
Lissie,Sulter
Peria,Paulley
Phylys,Serotsky
Rey,Heiton
Novelia,Reiach
Reg,Cragg
Henri,Hember
Amandie,Harcombe
Lilllie,Yakolev
Zena,Baudino
Latashia,Mabbitt
Cary,Pottes
Kin,Antonio
Link,Coward
Corliss,Malcolm
Lorine,Twittey
Perice,Keighley
Bogart,Kennealy
Ives,Szymanowski
Bertha,Chasemore
Asia,Melmoth
Heath,Finlry
Bryon,Kedward
Marla,Cahalin
Lenna,Hynd
Belinda,Crayton
Rolando,Ingerith
Ralph,Kaminski
Sandi,Camamile
Essy,Munnings
Lorry,Melling
Abbye,Leathard
Kyla,Friar
Shelagh,Llywarch
Bernadette,Ambrozik
Kareem,Najera
Petr,Treweek
Susann,Cathenod
Luci,Ecob
Mark,Romke
Rhianon,Pidwell
Sephira,Webborn
Otho,Hightown
Mischa,Lowry
Ingemar,Barok
Franny,Jime
Clevey,Gherardi
Venus,Tassell
Nathanil,Francescuzzi
Cathrine,Rivelon
Irvin,Horsefield
Lurlene,Deshon
Janka,Sporton
Greg,Mossman
Kristen,Pardew
Beverly,Bust
Jesse,Heinzel
Gwendolen,Sudy
Maisie,Dominik
Lewie,Hammerton
Sigismondo,Hamflett
Chester,Attwood
Any,Moyle
Norine,Wallbridge
Mikol,Grunwall
Catharine,Elie
Byrle,Davydenko
Ado,Arrighi
Elle,Tremoille
Cassy,Enterlein
Kendra,O'Regan
Konrad,Eglington
Archibold,Blowen
Bartlett,Pioch
Mateo,Storrier
Mil,Luis
Chloette,Carlisle
Burke,Cousans
Faustina,Pantry
Vanna,Burchett
Kitti,Izhaky
Lilah,Neesam
Ezekiel,Sehorsch
Whit,Playfoot
Carin,Collibear
Goldia,MacMorland
Lacie,Walkowski
Ailey,Burbridge
Florella,Snashall
Petra,Gremain
Olin,Rothschild
Janos,Gowrie
Giustino,Serman
Issiah,Purkis
Claudio,Points
Heda,Cargo
Fifi,Ball
Tanitansy,Ishaki
Vicky,Mariet
Gleda,de Almeida
Timmy,McAster
Greg,Sandham
Lorrie,Aldhous
Shawn,McPhilemy
Dov,Neesham
Mollie,Greensitt
Goddard,Yakobovitz
Hamil,Liell
Giffie,Hayhow
Rory,Barron
Nady,Toward
Bobbye,Pickrell
Drew,Webber
Justin,Thiem
Sybyl,Brideau
Maddi,Joselovitch
Jodie,Kneafsey
Rodger,Kluge
Stephanie,Devons
Wolfy,Spendlove
Merle,Esch
Lonnie,Starkie
Umberto,Murtell
Henrie,Fahrenbacher
Keven,Chaize
Katerina,Slopier
Kassey,Upcott
Taite,Millar
Queenie,Byfield
Latisha,Asman
Kessiah,Ashleigh
Alexandrina,Bowdery
Josh,Summerson
Karel,Lafferty
Chrysler,Beech
Arnie,Bowles
Clare,Varty
Chelsy,Nealand
Edvard,Americi
Courtnay,Oakes
Woodrow,Perigo
Fredi,Kemshell
Winny,Gudgeon
Latrena,Mathevon
Viki,Tyreman
Berkeley,Scudamore
Rutherford,Olliff
Elka,Crispin
Bobina,Cardew
Daffi,Oxley
Ernest,Fulford
Brit,Biesty
Roseanna,Fawkes
Tedra,Heakey
Rex,Fealey
Barr,MacMechan
Marys,Abrahm
Trixy,Ewings
Allayne,Mackro
Hedi,Waddicor
Josephina,Duplain
Maridel,Walliker
Dara,Janca
Abagael,Haquin
Belicia,Symms
Miltie,Klimas
Nefen,Housen
Nefen,Smiths
Montgomery,Beiderbecke
Christabella,MacAughtrie
Judon,Satteford
Karoly,Perren
Chick,Keays
William,Ungerechts
Harald,Pearson
Vin,Teeney
Phillis,Fuzzey
Lorrie,Grumley
Aristotle,Swyer
Becca,Havoc
Cathrin,Bushaway
Ruthann,Dainton
Hortensia,Goodoune
Lauren,Maffin
Millard,Yakebovich
Timothy,Brackenridge
Tim,Austins
Giorgia,Bortol
Noel,Manklow
Candis,Scipsey
Elora,Puddifer
Aundrea,Kalewe
Casandra,Kelmere
Noam,McVeighty
Duke,Lubeck
Janie,Bushel
Thomasin,Degoy
Andrea,Hague
Bridget,Roiz
Schuyler,Dudill
Ray,Amies
Adelbert,Hamments
Gracia,Kneal
Jae,Bidewell
Jimmie,Sheppard
Jenna,Moult
Carmel,Juara
Lynne,Poone
Keir,Roath
Iggie,Ferrer
Ofella,Ramelot
Alvera,Felipe
Vinnie,Schlagh
Giordano,Sloane
Ches,Saxby
Newton,Joynes
Coop,Wogden
Stanislaus,Glassopp
Hussein,Scales
Lane,Carrett
Tito,Bilam
Farra,Clothier
Arlie,Stredwick
Cord,Downes
Jania,Woodhouse
Kirstyn,Borit
Gaspard,Champness
Dilan,McMeyler
Laird,Paulack
Launce,Younghusband
Rafaello,Northin
Desirae,Canet
Garrick,MacAlinden
Seth,Petrashov
Alfy,Lawler
Corie,Beran
Roze,Larkings
Nessy,Tottman
Kristofor,Megarrell
Darcey,Brandoni
Catriona,Edgell
Jayne,McGurn
Barbara-anne,Haslum
Madge,Manning
Witty,Corriea
Gussie,Desport
Arnold,Dilliston
Elaina,Woolnough
Alister,Isaac
Aloin,Greader
Gannon,Finnan
Nestor,Cantwell
Cassandra,Pantridge
Levy,Langcaster
Loreen,Berryman
Garry,Jaume
Michale,Golds
Hayley,Shemwell
Rossy,Atthow
Micheil,Deboo
Pansy,Semper
Edgar,Hammarberg
Jackelyn,Raymont
Locke,Toping
Lucienne,Pavic
Dorothy,Ivanisov
Monty,Mowling
Quillan,Mathet
Gretchen,Vasilov
See,Clorley
Dieter,Jaqueme
Maurizio,McClean
Tilda,Callis
Leann,Beadon
Des,Pulfer
Skyler,Mawby
Meade,Tudbald
Amelia,Ivanyutin
Philomena,Dudderidge
Virginia,Peasey
Arne,Cunah
Rosabelle,Chastenet
Donal,Lachaize
Darby,Caccavale
Beatrix,Tollady
Saunder,Kinneally
Charles,Haisell
Gretta,Sydall
Inesita,Noyce
Gabbie,Harpur
Kaylee,Maleck
Myrle,Nutley
Shelton,Wride
Addie,Coombs
Eloisa,Chrispin
Florenza,MacCosty
Johny,Bendelow
Creight,Faye
Celinda,Girsch
Lutero,Cleiment
Guillermo,McNirlin
Garfield,Robet
Gunar,Kilcoyne
Caryl,Cuttler
Mathias,Jovis
Cleopatra,McCalum
Baxy,Stanbrooke
Orelle,Rafter
Gregor,Linsay
Frederich,Benettelli
Orelie,Crafts
Lexi,Pont
Emmalyn,Skerman
Blinnie,Freen
Knox,Vesco
Nannie,Madden
Fielding,Bailess
Layton,Truelock
Trixi,Farguhar
Donica,Stanaway
Cory,Chark
Baldwin,McVeigh
Will,Pallatina
Bride,Remnant
Randi,Rablan
Dieter,Snoddy
Cordula,O'Hanlon
Marcile,Downie
Oby,Addicott
Ginger,Lawlor
Lamar,Wellesley
Suzanne,Heintzsch
Woodman,Seagrove
Dougie,Moakler
Dominga,Shayler
Bee,Kase
Tobe,O'Doogan
Silvain,Bethell
Brewer,Philip
Sidoney,Cartlidge
Bonnie,Maycey
Aveline,Manton
Miran,Scurr
Tye,Thebe
Magdaia,Searby
Henrie,Quelch
Gale,David
Gunner,Sines
Raquela,Abthorpe
Moll,Copyn
Marijo,Fancy
Muhammad,Brundell
Nariko,Aberkirdo
Janeen,Flaubert
Jackelyn,Ferrige
Wren,Fellgatt
Vikki,MacAlpin
Lauren,Pringer
Kennith,Wastling
Lacy,Wolfindale
Goddard,Covely
Sosanna,Matteucci
Merv,Steckings
Jere,Shefton
Kristofer,Karpushkin
Bernelle,Fitzroy
Keith,Althrope
Scarlet,Dorricott
Vitoria,Zuan
Abeu,Caulton
Griff,Mobius
Tedda,Escreet
Sibbie,Dumini
Elliot,Lowes
Jerri,Dowles
Simmonds,Jakubowsky
Whitby,Madigan
Annmarie,Casetti
Sukey,Ornells
Tildy,Hatto
Kaleena,Everly
Helge,Hiddsley
Cyb,Dohmann
Dew,Sollitt
Lonnard,Agge
Ivy,Kivelhan
Consuelo,Wyett
Natassia,Murtimer
Jeanie,Linney
Emilee,Dodgson
Allissa,Schulter
Lorain,Grimble
Zechariah,Duckinfield
Kean,Halversen
Robb,Pady
Gabey,Balint
Kameko,Jozef
Salaidh,Axleby
Hyacinthie,Iremonger
Colman,Traut
Brigida,Edmons
Ceil,Faulconer
Rachele,Cockaday
Kiah,Ragge
Alard,Delacote
Barnaby,Yearne
Quint,Pach
Alikee,Lindell
Jimmy,Nayshe
Anton,Jessop
Nalani,Shillabeare
June,Borghese
Nowell,Guisby
Chilton,Halhead
Joly,Parris
Killian,Cains
Daffy,Holsall
Golda,Iacoviello
Trefor,Muggeridge
Marcelle,Lemin
Lauree,Pattini
Kati,McGilben
Fredi,Graffham
Ronald,Stickney
Yevette,Odell
Mozelle,Wilman
Isacco,Croad
Abeu,Maylour
Bartel,Ahrenius
Louie,Slatcher
Yale,Cuttle
Syman,Abyss
Taber,MacIlhargy
Malina,Rubartelli
Victoir,Minton
Berkeley,Kimbling
Hyacinthie,Breach
Genia,Broske
Yorgo,Hainey
Ruthie,Trustrie
Callida,Simonitto
Iver,Reding
Erastus,Naseby
Dolley,Teideman
Sidonia,McKeady
Wenonah,Pinniger
Zachariah,Cescon
Abdul,Spurden
Stacey,Bridat
Alphard,Dries
Oates,Ebrall
Kate,McCathie
Merrill,Nicholl
Clim,Armsby
Jean,Nutten
Deloria,Shorie
Eudora,Pottery
Malinde,Antonutti
Laurice,Suddell
Arielle,Horick
Turner,Alexsandrovich
Ingrim,Govan
Renate,Rigbye
Joye,Ambrosoni
Esme,Drew
Stephenie,Rontsch
Baldwin,Chevalier
Jacquenette,Lauret
Jaquenette,Pantling
Sharla,Pinwill
Brandtr,Fitzackerley
Teddi,Connew
Benito,Munks
Brendan,Bearne
Mirabella,Croydon
Anastasia,Nickels
Vin,Gatch
Selig,Bye
Keven,Yakobovicz
Weider,Tupman
Lalo,Muddimer
Mathilde,Sokale
Sutton,Beeze
Shea,Ainley
Marguerite,Juschke
Anderson,Allibon
Tracie,Wadsworth
Calvin,Giannini
Maryellen,Gehrts
Danila,Ianne
Hall,Katz
Aldis,Cargon
Ad,Grzegorek
Aimee,Ridett
Bride,Begley
Dorelia,Sexten
Cecilio,Giorgiutti
Shelby,Roakes
Alden,Gannan
Colline,Eagers
Raquel,Baker
Evania,Blindt
Rois,Gehricke
Shanna,Stebbing
Benoite,Sitch
Clary,Baynes
Sigfrid,Winser
Wakefield,O'Cahsedy
Corney,Redmore
Fin,Unwins
Lazarus,Pancoust
Doralynn,Gallop
Allison,Fulkes
Kaila,Pawlowicz
Ike,McPhilip
Ikey,Ewells
Audre,Feore
Moreen,Tomashov
Christa,Carpmile
Bridgette,MacCallum
Karilynn,Mc Giffin
Nadean,Ionnidis
Enos,Richardeau
Letisha,Corneille
Roobbie,Foxon
Ada,Primarolo
Fiona,Penbarthy
Gerri,Delahunty
Ilsa,Ysson
Bellina,Treadway
Ephraim,Conachie
Giraldo,Saunton
Babara,Davey
Lusa,Mapham
Vina,Kenelin
Lissy,Buyers
Warren,Brealey
Charo,Keeton
Rubin,Haney`
Jori,Hannan
Mill,Walicki
Jeremy,Gregorin
Robin,Greson
Laraine,Quinevan
Lacee,Domelaw
Jolie,Pfiffer
Kelsey,Poynser
Annabela,Cuffin
Fran,Carles
Leopold,Spybey
Patricio,Lamperti
Shirlene,Notton
Cam,Torricina
Erina,Grishaev
Karl,Hallums
Bibbye,Huddles
Reg,Ghelardoni
Beryle,Havik
Meghann,Beasley
Tobin,Farlowe
Kare,Scogin
Patrice,McGilvary
Abel,Danet
Nicol,Van Hove
Lanni,Brownlow
Julee,McAw
Lenna,Reynard
Nicki,Mobley
Nataline,Careswell
Engracia,Laurenceau
Dyana,Grigorushkin
Chev,Quarton
Winnifred,Albro
Maud,Lemmanbie
Tiebold,Flury
Elyn,Dyte
Lonni,Wehnerr
Angeline,Gogie
Isa,Hatchman
Derk,Thunders
Shayna,de la Tremoille
Chiquita,Bycraft
Tucker,Palke
Chlo,Allonby
Waldon,Ravenshaw
Thomasine,Geratt
Emelia,MacFayden
Tedmund,Buttriss
Loren,Lumsdall
Celinka,Andree
Pepito,Hannond
Lorettalorna,Longcake
Lurleen,Bruin
Charlot,Pengelley
Kirsten,Eagles
Xymenes,Argabrite
Cherrita,Dominichetti
Mara,Darcey
Jamison,McCorry
Upton,Eslinger
Alastair,MacKeever
Nicky,Naylor
Shelley,Blaxley
Jannelle,Newling
Rickey,Juppe
Emelina,Borghese
Robinetta,Blaisdale
Newton,Trodd
Linnet,Banbridge
Vincents,Andrieu
Laurianne,Tarrier
Ansley,Kelly
Rivkah,Woollhead
Hanson,Form
Justine,Collisson
Margie,Scarisbrick
Julieta,Tootin
Gary,Elnough
Antony,Pert
Erna,Wanjek
Lucio,Parman
Albie,Reinert
Ninetta,Drohun
Reta,Looby
Cariotta,Kingdon
Magdaia,Setterington
Courtney,Tonbye
Prudi,Mabbe
Estella,Donnell
Anya,Cundict
Goraud,Rigmond
Hoyt,Blesing
Ciel,Meriel
Saloma,Creegan
Iver,Bannester
Darn,Santo
Tymothy,Cripps
Riccardo,Howen
Fransisco,Finlason
Ailene,Moors
Gifford,Fussie
Keslie,Roggero
Margalo,Ballister
Marigold,Sleeny
Cyril,Stilldale
Cecil,Yeowell
Katie,Mabbitt
Caldwell,Casse
Crichton,Pickerin
Ryley,Farrans
Ward,McMillan
Mirella,Beddall
Jecho,Liven
Joyan,Lower
Nanon,Melling
Papagena,Hackin
Brynne,Purkins
Jo,Loughman
Billye,Slyde
Joey,Niblett
Shoshanna,Scarfe
Coral,Goudie
Terry,Phebey
Dru,Ballendine
Giana,Moneti
Ewart,Aulsford
Pia,Conklin
Kellia,Lavies
Ulberto,Forth
Jeniece,Scherer
Ora,Silberschatz
Kalvin,Paffett
Irene,Phillcox
Eli,Hankard
Vergil,Fielder
Laraine,Davydkov
Zelig,Cassels
Greg,Sharvell
Aymer,Manon
Ralf,Treher
Lilly,Coxwell
Aristotle,Roddy
Salvatore,Carolan
Zedekiah,Huccaby
Chic,Lineen
Kirbie,Poschel
Farand,Cristofano
Roch,Fancott
Mackenzie,Niesing
Aubree,Spikings
Jameson,Bowller
Melamie,Dominguez
Walton,Cawtheray
Michale,Ralestone
Stephana,Swalough
Jaquelin,Hince
Brennan,De Ruggero
Gavan,Minchi
Charline,Trobe
Tony,Chiverton
Sula,Eefting
Standford,Garnson
Angeline,Piken
Smitty,Sheehy
Rolph,Filippello
Seymour,Lenz
Khalil,Walkington
Jodee,Samuels
Ignatius,Sill
Merrili,Brailsford
Leelah,Brozsset
Allyson,Smithson
Ernesto,Gronous
Annalise,Pilcher
Maire,Thickett
Townsend,Perez
Carey,Neil
Katinka,Caslake
Gilli,Mingardo
Pennie,Hockell
Garrek,Wynn
Valentina,Hughman
Hughie,Redding
Jacenta,Eckels
Khalil,Blowfelde
Elysha,Gladman
Britta,Load
Aylmer,Still
Bobbe,Ibbs
Elene,Headly
Idelle,Clubley
Miranda,Grimstead
Con,Readwin
Ewan,Andrault
Shandeigh,Britner
Elizabet,Balmforth
Marcelline,Sedgeman
Jobie,Creber
Dorice,Adie
Lissa,Stoop
Bennie,Omond
